<application>
  <component name="EditorSettings">
    <option name="USE_SOFT_WRAPS" value="MAIN_EDITOR:CONSOLE" />
    <option name="SOFT_WRAP_FILE_MASKS" value="*.md; *.txt; *.log" />
    <option name="TOOLTIPS_DELAY_MS" value="250" />
  </component>
  <component name="TodoConfiguration">
    <pattern icon="question" useCustomColors="true" pattern="(todo|fixme)">
      <option name="FOREGROUND" value="349619" />
      <option name="FONT_TYPE" value="3" />
    </pattern>
  </component>
</application>