<application>
  <component name="ProjectJdkTable">
    <jdk version="2">
      <name value="11" />
      <type value="JavaSDK" />
      <version value="java version &quot;11.0.7&quot;" />
      <homePath value="$USER_HOME$/.asdf/installs/java/adopt-openjdk-11.0.7+10_openj9-0.20.0" />
      <roots>
        <annotationsPath>
          <root type="composite">
            <root url="jar://$APPLICATION_HOME_DIR$/plugins/java/lib/jdkAnnotations.jar!/" type="simple" />
          </root>
        </annotationsPath>
        <classPath>
          <root type="composite">
            <root url="jrt:///home/akull/.asdf/installs/java/adopt-openjdk-11.0.7+10_openj9-0.20.0!/java.base" type="simple" />
            <root url="jrt:///home/akull/.asdf/installs/java/adopt-openjdk-11.0.7+10_openj9-0.20.0!/java.compiler" type="simple" />
            <root url="jrt:///home/akull/.asdf/installs/java/adopt-openjdk-11.0.7+10_openj9-0.20.0!/java.datatransfer" type="simple" />
            <root url="jrt:///home/akull/.asdf/installs/java/adopt-openjdk-11.0.7+10_openj9-0.20.0!/java.desktop" type="simple" />
            <root url="jrt:///home/akull/.asdf/installs/java/adopt-openjdk-11.0.7+10_openj9-0.20.0!/java.instrument" type="simple" />
            <root url="jrt:///home/akull/.asdf/installs/java/adopt-openjdk-11.0.7+10_openj9-0.20.0!/java.logging" type="simple" />
            <root url="jrt:///home/akull/.asdf/installs/java/adopt-openjdk-11.0.7+10_openj9-0.20.0!/java.management" type="simple" />
            <root url="jrt:///home/akull/.asdf/installs/java/adopt-openjdk-11.0.7+10_openj9-0.20.0!/java.management.rmi" type="simple" />
            <root url="jrt:///home/akull/.asdf/installs/java/adopt-openjdk-11.0.7+10_openj9-0.20.0!/java.naming" type="simple" />
            <root url="jrt:///home/akull/.asdf/installs/java/adopt-openjdk-11.0.7+10_openj9-0.20.0!/java.net.http" type="simple" />
            <root url="jrt:///home/akull/.asdf/installs/java/adopt-openjdk-11.0.7+10_openj9-0.20.0!/java.prefs" type="simple" />
            <root url="jrt:///home/akull/.asdf/installs/java/adopt-openjdk-11.0.7+10_openj9-0.20.0!/java.rmi" type="simple" />
            <root url="jrt:///home/akull/.asdf/installs/java/adopt-openjdk-11.0.7+10_openj9-0.20.0!/java.scripting" type="simple" />
            <root url="jrt:///home/akull/.asdf/installs/java/adopt-openjdk-11.0.7+10_openj9-0.20.0!/java.se" type="simple" />
            <root url="jrt:///home/akull/.asdf/installs/java/adopt-openjdk-11.0.7+10_openj9-0.20.0!/java.security.jgss" type="simple" />
            <root url="jrt:///home/akull/.asdf/installs/java/adopt-openjdk-11.0.7+10_openj9-0.20.0!/java.security.sasl" type="simple" />
            <root url="jrt:///home/akull/.asdf/installs/java/adopt-openjdk-11.0.7+10_openj9-0.20.0!/java.smartcardio" type="simple" />
            <root url="jrt:///home/akull/.asdf/installs/java/adopt-openjdk-11.0.7+10_openj9-0.20.0!/java.sql" type="simple" />
            <root url="jrt:///home/akull/.asdf/installs/java/adopt-openjdk-11.0.7+10_openj9-0.20.0!/java.sql.rowset" type="simple" />
            <root url="jrt:///home/akull/.asdf/installs/java/adopt-openjdk-11.0.7+10_openj9-0.20.0!/java.transaction.xa" type="simple" />
            <root url="jrt:///home/akull/.asdf/installs/java/adopt-openjdk-11.0.7+10_openj9-0.20.0!/java.xml" type="simple" />
            <root url="jrt:///home/akull/.asdf/installs/java/adopt-openjdk-11.0.7+10_openj9-0.20.0!/java.xml.crypto" type="simple" />
            <root url="jrt:///home/akull/.asdf/installs/java/adopt-openjdk-11.0.7+10_openj9-0.20.0!/jdk.accessibility" type="simple" />
            <root url="jrt:///home/akull/.asdf/installs/java/adopt-openjdk-11.0.7+10_openj9-0.20.0!/jdk.attach" type="simple" />
            <root url="jrt:///home/akull/.asdf/installs/java/adopt-openjdk-11.0.7+10_openj9-0.20.0!/jdk.charsets" type="simple" />
            <root url="jrt:///home/akull/.asdf/installs/java/adopt-openjdk-11.0.7+10_openj9-0.20.0!/jdk.compiler" type="simple" />
            <root url="jrt:///home/akull/.asdf/installs/java/adopt-openjdk-11.0.7+10_openj9-0.20.0!/jdk.crypto.cryptoki" type="simple" />
            <root url="jrt:///home/akull/.asdf/installs/java/adopt-openjdk-11.0.7+10_openj9-0.20.0!/jdk.crypto.ec" type="simple" />
            <root url="jrt:///home/akull/.asdf/installs/java/adopt-openjdk-11.0.7+10_openj9-0.20.0!/jdk.dynalink" type="simple" />
            <root url="jrt:///home/akull/.asdf/installs/java/adopt-openjdk-11.0.7+10_openj9-0.20.0!/jdk.editpad" type="simple" />
            <root url="jrt:///home/akull/.asdf/installs/java/adopt-openjdk-11.0.7+10_openj9-0.20.0!/jdk.httpserver" type="simple" />
            <root url="jrt:///home/akull/.asdf/installs/java/adopt-openjdk-11.0.7+10_openj9-0.20.0!/jdk.internal.ed" type="simple" />
            <root url="jrt:///home/akull/.asdf/installs/java/adopt-openjdk-11.0.7+10_openj9-0.20.0!/jdk.internal.jvmstat" type="simple" />
            <root url="jrt:///home/akull/.asdf/installs/java/adopt-openjdk-11.0.7+10_openj9-0.20.0!/jdk.internal.le" type="simple" />
            <root url="jrt:///home/akull/.asdf/installs/java/adopt-openjdk-11.0.7+10_openj9-0.20.0!/jdk.internal.opt" type="simple" />
            <root url="jrt:///home/akull/.asdf/installs/java/adopt-openjdk-11.0.7+10_openj9-0.20.0!/jdk.jartool" type="simple" />
            <root url="jrt:///home/akull/.asdf/installs/java/adopt-openjdk-11.0.7+10_openj9-0.20.0!/jdk.javadoc" type="simple" />
            <root url="jrt:///home/akull/.asdf/installs/java/adopt-openjdk-11.0.7+10_openj9-0.20.0!/jdk.jcmd" type="simple" />
            <root url="jrt:///home/akull/.asdf/installs/java/adopt-openjdk-11.0.7+10_openj9-0.20.0!/jdk.jconsole" type="simple" />
            <root url="jrt:///home/akull/.asdf/installs/java/adopt-openjdk-11.0.7+10_openj9-0.20.0!/jdk.jdeps" type="simple" />
            <root url="jrt:///home/akull/.asdf/installs/java/adopt-openjdk-11.0.7+10_openj9-0.20.0!/jdk.jdi" type="simple" />
            <root url="jrt:///home/akull/.asdf/installs/java/adopt-openjdk-11.0.7+10_openj9-0.20.0!/jdk.jdwp.agent" type="simple" />
            <root url="jrt:///home/akull/.asdf/installs/java/adopt-openjdk-11.0.7+10_openj9-0.20.0!/jdk.jlink" type="simple" />
            <root url="jrt:///home/akull/.asdf/installs/java/adopt-openjdk-11.0.7+10_openj9-0.20.0!/jdk.jshell" type="simple" />
            <root url="jrt:///home/akull/.asdf/installs/java/adopt-openjdk-11.0.7+10_openj9-0.20.0!/jdk.jsobject" type="simple" />
            <root url="jrt:///home/akull/.asdf/installs/java/adopt-openjdk-11.0.7+10_openj9-0.20.0!/jdk.localedata" type="simple" />
            <root url="jrt:///home/akull/.asdf/installs/java/adopt-openjdk-11.0.7+10_openj9-0.20.0!/jdk.management" type="simple" />
            <root url="jrt:///home/akull/.asdf/installs/java/adopt-openjdk-11.0.7+10_openj9-0.20.0!/jdk.management.agent" type="simple" />
            <root url="jrt:///home/akull/.asdf/installs/java/adopt-openjdk-11.0.7+10_openj9-0.20.0!/jdk.naming.dns" type="simple" />
            <root url="jrt:///home/akull/.asdf/installs/java/adopt-openjdk-11.0.7+10_openj9-0.20.0!/jdk.naming.rmi" type="simple" />
            <root url="jrt:///home/akull/.asdf/installs/java/adopt-openjdk-11.0.7+10_openj9-0.20.0!/jdk.net" type="simple" />
            <root url="jrt:///home/akull/.asdf/installs/java/adopt-openjdk-11.0.7+10_openj9-0.20.0!/jdk.pack" type="simple" />
            <root url="jrt:///home/akull/.asdf/installs/java/adopt-openjdk-11.0.7+10_openj9-0.20.0!/jdk.rmic" type="simple" />
            <root url="jrt:///home/akull/.asdf/installs/java/adopt-openjdk-11.0.7+10_openj9-0.20.0!/jdk.scripting.nashorn" type="simple" />
            <root url="jrt:///home/akull/.asdf/installs/java/adopt-openjdk-11.0.7+10_openj9-0.20.0!/jdk.scripting.nashorn.shell" type="simple" />
            <root url="jrt:///home/akull/.asdf/installs/java/adopt-openjdk-11.0.7+10_openj9-0.20.0!/jdk.sctp" type="simple" />
            <root url="jrt:///home/akull/.asdf/installs/java/adopt-openjdk-11.0.7+10_openj9-0.20.0!/jdk.security.auth" type="simple" />
            <root url="jrt:///home/akull/.asdf/installs/java/adopt-openjdk-11.0.7+10_openj9-0.20.0!/jdk.security.jgss" type="simple" />
            <root url="jrt:///home/akull/.asdf/installs/java/adopt-openjdk-11.0.7+10_openj9-0.20.0!/jdk.unsupported" type="simple" />
            <root url="jrt:///home/akull/.asdf/installs/java/adopt-openjdk-11.0.7+10_openj9-0.20.0!/jdk.unsupported.desktop" type="simple" />
            <root url="jrt:///home/akull/.asdf/installs/java/adopt-openjdk-11.0.7+10_openj9-0.20.0!/jdk.xml.dom" type="simple" />
            <root url="jrt:///home/akull/.asdf/installs/java/adopt-openjdk-11.0.7+10_openj9-0.20.0!/jdk.zipfs" type="simple" />
            <root url="jrt:///home/akull/.asdf/installs/java/adopt-openjdk-11.0.7+10_openj9-0.20.0!/openj9.cuda" type="simple" />
            <root url="jrt:///home/akull/.asdf/installs/java/adopt-openjdk-11.0.7+10_openj9-0.20.0!/openj9.dataaccess" type="simple" />
            <root url="jrt:///home/akull/.asdf/installs/java/adopt-openjdk-11.0.7+10_openj9-0.20.0!/openj9.dtfj" type="simple" />
            <root url="jrt:///home/akull/.asdf/installs/java/adopt-openjdk-11.0.7+10_openj9-0.20.0!/openj9.dtfjview" type="simple" />
            <root url="jrt:///home/akull/.asdf/installs/java/adopt-openjdk-11.0.7+10_openj9-0.20.0!/openj9.gpu" type="simple" />
            <root url="jrt:///home/akull/.asdf/installs/java/adopt-openjdk-11.0.7+10_openj9-0.20.0!/openj9.jvm" type="simple" />
            <root url="jrt:///home/akull/.asdf/installs/java/adopt-openjdk-11.0.7+10_openj9-0.20.0!/openj9.sharedclasses" type="simple" />
            <root url="jrt:///home/akull/.asdf/installs/java/adopt-openjdk-11.0.7+10_openj9-0.20.0!/openj9.traceformat" type="simple" />
            <root url="jrt:///home/akull/.asdf/installs/java/adopt-openjdk-11.0.7+10_openj9-0.20.0!/openj9.zosconditionhandling" type="simple" />
          </root>
        </classPath>
        <javadocPath>
          <root type="composite" />
        </javadocPath>
        <sourcePath>
          <root type="composite">
            <root url="jar://$USER_HOME$/.asdf/installs/java/adopt-openjdk-11.0.7+10_openj9-0.20.0/lib/src.zip!/java.se" type="simple" />
            <root url="jar://$USER_HOME$/.asdf/installs/java/adopt-openjdk-11.0.7+10_openj9-0.20.0/lib/src.zip!/jdk.jdi" type="simple" />
            <root url="jar://$USER_HOME$/.asdf/installs/java/adopt-openjdk-11.0.7+10_openj9-0.20.0/lib/src.zip!/jdk.net" type="simple" />
            <root url="jar://$USER_HOME$/.asdf/installs/java/adopt-openjdk-11.0.7+10_openj9-0.20.0/lib/src.zip!/java.rmi" type="simple" />
            <root url="jar://$USER_HOME$/.asdf/installs/java/adopt-openjdk-11.0.7+10_openj9-0.20.0/lib/src.zip!/java.sql" type="simple" />
            <root url="jar://$USER_HOME$/.asdf/installs/java/adopt-openjdk-11.0.7+10_openj9-0.20.0/lib/src.zip!/java.xml" type="simple" />
            <root url="jar://$USER_HOME$/.asdf/installs/java/adopt-openjdk-11.0.7+10_openj9-0.20.0/lib/src.zip!/jdk.jcmd" type="simple" />
            <root url="jar://$USER_HOME$/.asdf/installs/java/adopt-openjdk-11.0.7+10_openj9-0.20.0/lib/src.zip!/jdk.pack" type="simple" />
            <root url="jar://$USER_HOME$/.asdf/installs/java/adopt-openjdk-11.0.7+10_openj9-0.20.0/lib/src.zip!/jdk.rmic" type="simple" />
            <root url="jar://$USER_HOME$/.asdf/installs/java/adopt-openjdk-11.0.7+10_openj9-0.20.0/lib/src.zip!/jdk.sctp" type="simple" />
            <root url="jar://$USER_HOME$/.asdf/installs/java/adopt-openjdk-11.0.7+10_openj9-0.20.0/lib/src.zip!/java.base" type="simple" />
            <root url="jar://$USER_HOME$/.asdf/installs/java/adopt-openjdk-11.0.7+10_openj9-0.20.0/lib/src.zip!/jdk.jdeps" type="simple" />
            <root url="jar://$USER_HOME$/.asdf/installs/java/adopt-openjdk-11.0.7+10_openj9-0.20.0/lib/src.zip!/jdk.jlink" type="simple" />
            <root url="jar://$USER_HOME$/.asdf/installs/java/adopt-openjdk-11.0.7+10_openj9-0.20.0/lib/src.zip!/jdk.zipfs" type="simple" />
            <root url="jar://$USER_HOME$/.asdf/installs/java/adopt-openjdk-11.0.7+10_openj9-0.20.0/lib/src.zip!/java.prefs" type="simple" />
            <root url="jar://$USER_HOME$/.asdf/installs/java/adopt-openjdk-11.0.7+10_openj9-0.20.0/lib/src.zip!/jdk.attach" type="simple" />
            <root url="jar://$USER_HOME$/.asdf/installs/java/adopt-openjdk-11.0.7+10_openj9-0.20.0/lib/src.zip!/jdk.jshell" type="simple" />
            <root url="jar://$USER_HOME$/.asdf/installs/java/adopt-openjdk-11.0.7+10_openj9-0.20.0/lib/src.zip!/openj9.gpu" type="simple" />
            <root url="jar://$USER_HOME$/.asdf/installs/java/adopt-openjdk-11.0.7+10_openj9-0.20.0/lib/src.zip!/openj9.jvm" type="simple" />
            <root url="jar://$USER_HOME$/.asdf/installs/java/adopt-openjdk-11.0.7+10_openj9-0.20.0/lib/src.zip!/java.naming" type="simple" />
            <root url="jar://$USER_HOME$/.asdf/installs/java/adopt-openjdk-11.0.7+10_openj9-0.20.0/lib/src.zip!/jdk.editpad" type="simple" />
            <root url="jar://$USER_HOME$/.asdf/installs/java/adopt-openjdk-11.0.7+10_openj9-0.20.0/lib/src.zip!/jdk.jartool" type="simple" />
            <root url="jar://$USER_HOME$/.asdf/installs/java/adopt-openjdk-11.0.7+10_openj9-0.20.0/lib/src.zip!/jdk.javadoc" type="simple" />
            <root url="jar://$USER_HOME$/.asdf/installs/java/adopt-openjdk-11.0.7+10_openj9-0.20.0/lib/src.zip!/jdk.xml.dom" type="simple" />
            <root url="jar://$USER_HOME$/.asdf/installs/java/adopt-openjdk-11.0.7+10_openj9-0.20.0/lib/src.zip!/openj9.cuda" type="simple" />
            <root url="jar://$USER_HOME$/.asdf/installs/java/adopt-openjdk-11.0.7+10_openj9-0.20.0/lib/src.zip!/openj9.dtfj" type="simple" />
            <root url="jar://$USER_HOME$/.asdf/installs/java/adopt-openjdk-11.0.7+10_openj9-0.20.0/lib/src.zip!/java.desktop" type="simple" />
            <root url="jar://$USER_HOME$/.asdf/installs/java/adopt-openjdk-11.0.7+10_openj9-0.20.0/lib/src.zip!/java.logging" type="simple" />
            <root url="jar://$USER_HOME$/.asdf/installs/java/adopt-openjdk-11.0.7+10_openj9-0.20.0/lib/src.zip!/jdk.charsets" type="simple" />
            <root url="jar://$USER_HOME$/.asdf/installs/java/adopt-openjdk-11.0.7+10_openj9-0.20.0/lib/src.zip!/jdk.compiler" type="simple" />
            <root url="jar://$USER_HOME$/.asdf/installs/java/adopt-openjdk-11.0.7+10_openj9-0.20.0/lib/src.zip!/jdk.dynalink" type="simple" />
            <root url="jar://$USER_HOME$/.asdf/installs/java/adopt-openjdk-11.0.7+10_openj9-0.20.0/lib/src.zip!/jdk.jconsole" type="simple" />
            <root url="jar://$USER_HOME$/.asdf/installs/java/adopt-openjdk-11.0.7+10_openj9-0.20.0/lib/src.zip!/jdk.jsobject" type="simple" />
            <root url="jar://$USER_HOME$/.asdf/installs/java/adopt-openjdk-11.0.7+10_openj9-0.20.0/lib/src.zip!/java.compiler" type="simple" />
            <root url="jar://$USER_HOME$/.asdf/installs/java/adopt-openjdk-11.0.7+10_openj9-0.20.0/lib/src.zip!/java.net.http" type="simple" />
            <root url="jar://$USER_HOME$/.asdf/installs/java/adopt-openjdk-11.0.7+10_openj9-0.20.0/lib/src.zip!/jdk.crypto.ec" type="simple" />
            <root url="jar://$USER_HOME$/.asdf/installs/java/adopt-openjdk-11.0.7+10_openj9-0.20.0/lib/src.zip!/java.scripting" type="simple" />
            <root url="jar://$USER_HOME$/.asdf/installs/java/adopt-openjdk-11.0.7+10_openj9-0.20.0/lib/src.zip!/jdk.httpserver" type="simple" />
            <root url="jar://$USER_HOME$/.asdf/installs/java/adopt-openjdk-11.0.7+10_openj9-0.20.0/lib/src.zip!/jdk.jdwp.agent" type="simple" />
            <root url="jar://$USER_HOME$/.asdf/installs/java/adopt-openjdk-11.0.7+10_openj9-0.20.0/lib/src.zip!/jdk.localedata" type="simple" />
            <root url="jar://$USER_HOME$/.asdf/installs/java/adopt-openjdk-11.0.7+10_openj9-0.20.0/lib/src.zip!/jdk.management" type="simple" />
            <root url="jar://$USER_HOME$/.asdf/installs/java/adopt-openjdk-11.0.7+10_openj9-0.20.0/lib/src.zip!/jdk.naming.dns" type="simple" />
            <root url="jar://$USER_HOME$/.asdf/installs/java/adopt-openjdk-11.0.7+10_openj9-0.20.0/lib/src.zip!/jdk.naming.rmi" type="simple" />
            <root url="jar://$USER_HOME$/.asdf/installs/java/adopt-openjdk-11.0.7+10_openj9-0.20.0/lib/src.zip!/java.instrument" type="simple" />
            <root url="jar://$USER_HOME$/.asdf/installs/java/adopt-openjdk-11.0.7+10_openj9-0.20.0/lib/src.zip!/java.management" type="simple" />
            <root url="jar://$USER_HOME$/.asdf/installs/java/adopt-openjdk-11.0.7+10_openj9-0.20.0/lib/src.zip!/java.sql.rowset" type="simple" />
            <root url="jar://$USER_HOME$/.asdf/installs/java/adopt-openjdk-11.0.7+10_openj9-0.20.0/lib/src.zip!/java.xml.crypto" type="simple" />
            <root url="jar://$USER_HOME$/.asdf/installs/java/adopt-openjdk-11.0.7+10_openj9-0.20.0/lib/src.zip!/jdk.internal.ed" type="simple" />
            <root url="jar://$USER_HOME$/.asdf/installs/java/adopt-openjdk-11.0.7+10_openj9-0.20.0/lib/src.zip!/jdk.internal.le" type="simple" />
            <root url="jar://$USER_HOME$/.asdf/installs/java/adopt-openjdk-11.0.7+10_openj9-0.20.0/lib/src.zip!/jdk.unsupported" type="simple" />
            <root url="jar://$USER_HOME$/.asdf/installs/java/adopt-openjdk-11.0.7+10_openj9-0.20.0/lib/src.zip!/openj9.dtfjview" type="simple" />
            <root url="jar://$USER_HOME$/.asdf/installs/java/adopt-openjdk-11.0.7+10_openj9-0.20.0/lib/src.zip!/java.smartcardio" type="simple" />
            <root url="jar://$USER_HOME$/.asdf/installs/java/adopt-openjdk-11.0.7+10_openj9-0.20.0/lib/src.zip!/jdk.internal.opt" type="simple" />
            <root url="jar://$USER_HOME$/.asdf/installs/java/adopt-openjdk-11.0.7+10_openj9-0.20.0/lib/src.zip!/java.datatransfer" type="simple" />
            <root url="jar://$USER_HOME$/.asdf/installs/java/adopt-openjdk-11.0.7+10_openj9-0.20.0/lib/src.zip!/jdk.accessibility" type="simple" />
            <root url="jar://$USER_HOME$/.asdf/installs/java/adopt-openjdk-11.0.7+10_openj9-0.20.0/lib/src.zip!/jdk.security.auth" type="simple" />
            <root url="jar://$USER_HOME$/.asdf/installs/java/adopt-openjdk-11.0.7+10_openj9-0.20.0/lib/src.zip!/jdk.security.jgss" type="simple" />
            <root url="jar://$USER_HOME$/.asdf/installs/java/adopt-openjdk-11.0.7+10_openj9-0.20.0/lib/src.zip!/openj9.dataaccess" type="simple" />
            <root url="jar://$USER_HOME$/.asdf/installs/java/adopt-openjdk-11.0.7+10_openj9-0.20.0/lib/src.zip!/java.security.jgss" type="simple" />
            <root url="jar://$USER_HOME$/.asdf/installs/java/adopt-openjdk-11.0.7+10_openj9-0.20.0/lib/src.zip!/java.security.sasl" type="simple" />
            <root url="jar://$USER_HOME$/.asdf/installs/java/adopt-openjdk-11.0.7+10_openj9-0.20.0/lib/src.zip!/openj9.traceformat" type="simple" />
            <root url="jar://$USER_HOME$/.asdf/installs/java/adopt-openjdk-11.0.7+10_openj9-0.20.0/lib/src.zip!/java.management.rmi" type="simple" />
            <root url="jar://$USER_HOME$/.asdf/installs/java/adopt-openjdk-11.0.7+10_openj9-0.20.0/lib/src.zip!/java.transaction.xa" type="simple" />
            <root url="jar://$USER_HOME$/.asdf/installs/java/adopt-openjdk-11.0.7+10_openj9-0.20.0/lib/src.zip!/jdk.crypto.cryptoki" type="simple" />
            <root url="jar://$USER_HOME$/.asdf/installs/java/adopt-openjdk-11.0.7+10_openj9-0.20.0/lib/src.zip!/jdk.internal.jvmstat" type="simple" />
            <root url="jar://$USER_HOME$/.asdf/installs/java/adopt-openjdk-11.0.7+10_openj9-0.20.0/lib/src.zip!/jdk.management.agent" type="simple" />
            <root url="jar://$USER_HOME$/.asdf/installs/java/adopt-openjdk-11.0.7+10_openj9-0.20.0/lib/src.zip!/openj9.sharedclasses" type="simple" />
            <root url="jar://$USER_HOME$/.asdf/installs/java/adopt-openjdk-11.0.7+10_openj9-0.20.0/lib/src.zip!/jdk.scripting.nashorn" type="simple" />
            <root url="jar://$USER_HOME$/.asdf/installs/java/adopt-openjdk-11.0.7+10_openj9-0.20.0/lib/src.zip!/jdk.unsupported.desktop" type="simple" />
            <root url="jar://$USER_HOME$/.asdf/installs/java/adopt-openjdk-11.0.7+10_openj9-0.20.0/lib/src.zip!/jdk.scripting.nashorn.shell" type="simple" />
            <root url="jar://$USER_HOME$/.asdf/installs/java/adopt-openjdk-11.0.7+10_openj9-0.20.0/lib/src.zip!/openj9.zosconditionhandling" type="simple" />
          </root>
        </sourcePath>
      </roots>
      <additional />
    </jdk>
    <jdk version="2">
      <name value="1.8" />
      <type value="JavaSDK" />
      <version value="java version &quot;1.8.0_252&quot;" />
      <homePath value="$USER_HOME$/.asdf/installs/java/adopt-openjdk-8u252-b09_openj9-0.20.0" />
      <roots>
        <annotationsPath>
          <root type="composite">
            <root url="jar://$APPLICATION_HOME_DIR$/plugins/java/lib/jdkAnnotations.jar!/" type="simple" />
          </root>
        </annotationsPath>
        <classPath>
          <root type="composite">
            <root url="jar://$USER_HOME$/.asdf/installs/java/adopt-openjdk-8u252-b09_openj9-0.20.0/jre/lib/charsets.jar!/" type="simple" />
            <root url="jar://$USER_HOME$/.asdf/installs/java/adopt-openjdk-8u252-b09_openj9-0.20.0/jre/lib/ext/cldrdata.jar!/" type="simple" />
            <root url="jar://$USER_HOME$/.asdf/installs/java/adopt-openjdk-8u252-b09_openj9-0.20.0/jre/lib/ext/dnsns.jar!/" type="simple" />
            <root url="jar://$USER_HOME$/.asdf/installs/java/adopt-openjdk-8u252-b09_openj9-0.20.0/jre/lib/ext/dtfj.jar!/" type="simple" />
            <root url="jar://$USER_HOME$/.asdf/installs/java/adopt-openjdk-8u252-b09_openj9-0.20.0/jre/lib/ext/dtfjview.jar!/" type="simple" />
            <root url="jar://$USER_HOME$/.asdf/installs/java/adopt-openjdk-8u252-b09_openj9-0.20.0/jre/lib/ext/jaccess.jar!/" type="simple" />
            <root url="jar://$USER_HOME$/.asdf/installs/java/adopt-openjdk-8u252-b09_openj9-0.20.0/jre/lib/ext/localedata.jar!/" type="simple" />
            <root url="jar://$USER_HOME$/.asdf/installs/java/adopt-openjdk-8u252-b09_openj9-0.20.0/jre/lib/ext/nashorn.jar!/" type="simple" />
            <root url="jar://$USER_HOME$/.asdf/installs/java/adopt-openjdk-8u252-b09_openj9-0.20.0/jre/lib/ext/sunec.jar!/" type="simple" />
            <root url="jar://$USER_HOME$/.asdf/installs/java/adopt-openjdk-8u252-b09_openj9-0.20.0/jre/lib/ext/sunjce_provider.jar!/" type="simple" />
            <root url="jar://$USER_HOME$/.asdf/installs/java/adopt-openjdk-8u252-b09_openj9-0.20.0/jre/lib/ext/sunpkcs11.jar!/" type="simple" />
            <root url="jar://$USER_HOME$/.asdf/installs/java/adopt-openjdk-8u252-b09_openj9-0.20.0/jre/lib/ext/traceformat.jar!/" type="simple" />
            <root url="jar://$USER_HOME$/.asdf/installs/java/adopt-openjdk-8u252-b09_openj9-0.20.0/jre/lib/ext/zipfs.jar!/" type="simple" />
            <root url="jar://$USER_HOME$/.asdf/installs/java/adopt-openjdk-8u252-b09_openj9-0.20.0/jre/lib/jce.jar!/" type="simple" />
            <root url="jar://$USER_HOME$/.asdf/installs/java/adopt-openjdk-8u252-b09_openj9-0.20.0/jre/lib/jsse.jar!/" type="simple" />
            <root url="jar://$USER_HOME$/.asdf/installs/java/adopt-openjdk-8u252-b09_openj9-0.20.0/jre/lib/management-agent.jar!/" type="simple" />
            <root url="jar://$USER_HOME$/.asdf/installs/java/adopt-openjdk-8u252-b09_openj9-0.20.0/jre/lib/resources.jar!/" type="simple" />
            <root url="jar://$USER_HOME$/.asdf/installs/java/adopt-openjdk-8u252-b09_openj9-0.20.0/jre/lib/rt.jar!/" type="simple" />
          </root>
        </classPath>
        <javadocPath>
          <root type="composite" />
        </javadocPath>
        <sourcePath>
          <root type="composite">
            <root url="jar://$USER_HOME$/.asdf/installs/java/adopt-openjdk-8u252-b09_openj9-0.20.0/src.zip!/" type="simple" />
          </root>
        </sourcePath>
      </roots>
      <additional />
    </jdk>
    <jdk version="2">
      <name value="Kotlin SDK" />
      <type value="KotlinSDK" />
      <homePath value="$KOTLIN_BUNDLED$" />
      <roots>
        <annotationsPath>
          <root type="composite" />
        </annotationsPath>
        <classPath>
          <root type="composite" />
        </classPath>
        <javadocPath>
          <root type="composite" />
        </javadocPath>
        <sourcePath>
          <root type="composite" />
        </sourcePath>
      </roots>
      <additional />
    </jdk>
  </component>
</application>