<application>
  <component name="MaterialThemeConfig">
    <option name="highlightColorEnabled" value="true" />
    <option name="isHighlightColorEnabled" value="true" />
    <option name="isWizardShown" value="true" />
    <option name="overrideAccentColor" value="false" />
    <option name="pristineConfig" value="false" />
    <option name="accentColor" value="961f2d" />
    <option name="highlightColor" value="961f2d" />
    <option name="selectedTheme" value="MONOKAI" />
    <option name="userId" value="620ae285:1712a756f85:-8000" />
    <option name="version" value="5.2.0" />
  </component>
</application>