<application>
  <component name="MaterialThemeConfig">
    <option name="isWizardShown" value="true" />
    <option name="overrideAccentColor" value="false" />
    <option name="pristineConfig" value="false" />
    <option name="settingsSelectedTab" value="4" />
    <option name="accentColor" value="961f2d" />
    <option name="selectedTheme" value="MONOKAI" />
    <option name="userId" value="620ae285:1712a756f85:-8000" />
    <option name="version" value="4.11.5" />
  </component>
</application>