<keymap version="1" name="Mac OS X 10.5+ copy" parent="Mac OS X 10.5+">
  <action id=":cursive.repl.actions/run-top-sexp" />
  <action id="ChangesView.GroupBy.Directory" />
  <action id="FileChooser.TogglePathShowing" />
  <action id="GotoAction">
    <keyboard-shortcut first-keystroke="shift meta p" />
  </action>
  <action id="GotoChangedFile" />
  <action id="GotoClass" />
  <action id="GotoFile">
    <keyboard-shortcut first-keystroke="meta p" />
  </action>
  <action id="ParameterInfo">
    <keyboard-shortcut first-keystroke="meta o" />
  </action>
  <action id="TodoViewGroupByShowPackages" />
  <action id="android.deploy.ApplyChanges">
    <keyboard-shortcut first-keystroke="ctrl meta r" />
  </action>
  <action id="android.deploy.CodeSwap">
    <keyboard-shortcut first-keystroke="shift ctrl meta r" />
  </action>
</keymap>